method,number,orbital_period,mass,distance,year,distance_capped
Radial Velocity,1,269.3,7.1,77.4,2006,77.4
Radial Velocity,1,874.774,2.21,56.95,2008,56.95
Radial Velocity,1,763.0,2.6,19.84,2011,19.84
Radial Velocity,1,326.03,19.4,110.62,2007,110.62
Radial Velocity,1,516.22,10.5,119.47,2009,119.47
Radial Velocity,1,185.84,4.8,76.39,2008,76.39
Radial Velocity,1,1773.4,4.64,18.15,2002,18.15
Radial Velocity,1,798.5,1.26,21.41,1996,21.41
Radial Velocity,1,993.3,10.3,73.1,2008,73.1
Radial Velocity,2,452.8,1.99,74.79,2010,74.79
Radial Velocity,2,883.0,0.86,74.79,2010,74.79
Radial Velocity,1,335.1,9.88,39.43,2009,39.43
Radial Velocity,1,479.1,3.88,97.28,2008,97.28
Radial Velocity,3,1078.0,2.53,14.08,1996,14.08
Radial Velocity,3,2391.0,0.54,14.08,2001,14.08
Radial Velocity,3,14002.0,1.64,14.08,2009,14.08
Radial Velocity,1,4.230785,0.472,15.36,1995,15.36
Radial Velocity,5,14.651,0.8,12.53,1996,12.53
Radial Velocity,5,44.38,0.165,12.53,2004,12.53
Radial Velocity,5,4909.0,3.53,12.53,2002,12.53
Radial Velocity,5,0.73654,1.26,12.53,2011,12.53
Radial Velocity,5,261.2,0.172,12.53,2007,12.53
Radial Velocity,3,4.215,0.016,8.52,2009,8.52
Radial Velocity,3,38.021,0.057,8.52,2009,8.52
Radial Velocity,3,123.01,0.072,8.52,2009,8.52
Radial Velocity,1,116.6884,1.26,18.11,1996,18.11
Radial Velocity,1,691.9,1.26,81.5,2012,81.5
Radial Velocity,1,952.7,5.3,97.18,2008,97.18
Radial Velocity,1,181.4,3.2,45.52,2013,45.52
Imaging,1,39.9795,1.26,45.52,2005,45.52
Imaging,1,39.9795,1.26,165.0,2007,165.0
Imaging,1,39.9795,1.26,140.0,2004,140.0
Eclipse Timing Variations,1,10220.0,6.05,55.25,2009,55.25
Imaging,1,39.9795,1.26,55.25,2008,55.25
Imaging,1,39.9795,1.26,145.0,2013,145.0
Imaging,1,39.9795,1.26,139.0,2004,139.0
Imaging,1,39.9795,1.26,18.39,2006,18.39
Eclipse Timing Variations,2,5767.0,1.26,130.72,2008,130.72
Eclipse Timing Variations,2,3321.0,1.26,130.72,2008,130.72
Eclipse Timing Variations,2,5573.55,1.26,500.0,2010,269.78499999999997
Eclipse Timing Variations,2,2883.5,1.26,500.0,2010,269.78499999999997
Eclipse Timing Variations,1,2900.0,1.26,55.25,2011,55.25
Eclipse Timing Variations,1,4343.5,4.2,55.25,2012,55.25
Eclipse Timing Variations,2,5840.0,1.26,55.25,2011,55.25
Eclipse Timing Variations,2,1916.25,1.26,55.25,2011,55.25
Radial Velocity,1,380.8,1.8,20.21,2010,20.21
Radial Velocity,1,3.2357,0.0036,1.35,2012,1.35
Imaging,1,6000.0,1.26,19.28,2008,19.28
Radial Velocity,1,2502.0,1.55,3.22,2000,3.22
Radial Velocity,1,417.9,1.26,70.42,2012,70.42
Radial Velocity,1,594.9,7.6,47.53,2006,47.53
Radial Velocity,1,428.5,8.78,38.52,2009,38.52
Radial Velocity,1,903.3,1.85,13.79,2003,13.79
Radial Velocity,1,1251.0,1.26,31.12,2007,31.12
Imaging,1,39.9795,1.26,52.03,2012,52.03
Radial Velocity,1,136.75,2.8,62.66,2007,62.66
Radial Velocity,2,530.32,1.26,46.84,2012,46.84
Radial Velocity,2,3186.0,1.26,46.84,2012,46.84
Radial Velocity,1,277.02,1.7,80.64,2013,80.64
Radial Velocity,1,187.83,1.26,84.03,2012,84.03
Radial Velocity,1,1630.0,1.26,56.31,2012,56.31
Radial Velocity,1,39.845,1.04,17.43,1997,17.43
Radial Velocity,1,3.3135,3.9,15.6,1996,15.6
Radial Velocity,1,305.5,20.6,92.51,2013,92.51
Radial Velocity,4,4.617033,0.6876,13.47,1996,13.47
Radial Velocity,4,241.258,1.981,13.47,1999,13.47
Radial Velocity,4,1276.46,4.132,13.47,1999,13.47
Radial Velocity,4,3848.86,1.059,13.47,2010,13.47
Imaging,1,318280.0,1.26,7.69,2008,7.69
Imaging,1,39.9795,1.26,145.0,2008,145.0
Imaging,1,39.9795,1.26,36.0,2013,36.0
Imaging,1,39.9795,1.26,140.0,2010,140.0
Imaging,1,4639.15,1.26,12.21,2009,12.21
Imaging,1,39.9795,1.26,52.4,2004,52.4
Imaging,1,7336.5,1.26,25.0,2009,25.0
Imaging,1,8679.7,1.26,26.67,2009,26.67
Radial Velocity,1,655.6,5.1,37.54,2008,37.54
Radial Velocity,1,714.3,10.6,55.25,2007,55.25
Radial Velocity,1,3.48777,1.26,80.0,2000,80.0
Radial Velocity,2,5.6,0.045,42.09,2009,42.09
Radial Velocity,2,237.6,0.33,42.09,2009,42.09
Radial Velocity,2,3.8728,0.027,20.1,2013,20.1
Radial Velocity,2,125.94,0.17,20.1,2013,20.1
Radial Velocity,1,268.94,1.47,50.03,2009,50.03
Radial Velocity,1,137.48,1.11,175.44,2013,175.44
Radial Velocity,2,379.63,21.42,55.25,2009,55.25
Radial Velocity,2,621.99,12.47,55.25,2009,55.25
Radial Velocity,1,578.2,1.26,55.25,2012,55.25
Radial Velocity,1,392.6,0.91,55.25,2011,55.25
Imaging,1,10037.5,1.26,23.1,2011,23.1
Imaging,1,39.9795,1.26,55.25,2006,55.25
Transit,1,1.5089557,1.26,55.25,2008,55.25
Transit,1,1.7429935,1.26,200.0,2008,200.0
Transit,1,4.2568,1.26,680.0,2008,269.78499999999997
Transit,1,9.20205,1.26,55.25,2008,55.25
Transit,1,4.0378962,1.26,55.25,2009,55.25
Transit,1,8.886593,1.26,55.25,2009,55.25
Transit,2,0.853585,1.26,150.0,2009,150.0
Radial Velocity,2,3.698,1.26,150.0,2009,150.0
Transit,1,6.21229,1.26,380.0,2010,269.78499999999997
Transit,1,95.2738,1.26,460.0,2009,269.78499999999997
Transit,1,13.2406,1.26,345.0,2010,269.78499999999997
Transit,1,2.99433,1.26,560.0,2010,269.78499999999997
Transit,1,2.828042,1.26,1150.0,2010,269.78499999999997
Transit,1,4.03519,1.26,1060.0,2010,269.78499999999997
Transit,1,1.51214,1.26,1340.0,2010,269.78499999999997
Transit,1,5.35227,1.26,840.0,2011,269.78499999999997
Transit,1,3.7681,1.26,920.0,2011,269.78499999999997
Transit,1,1.9000693,1.26,870.0,2011,269.78499999999997
Transit,1,3.89713,1.26,770.0,2011,269.78499999999997
Transit,1,9.24285,1.26,1230.0,2011,269.78499999999997
Transit,1,3.6313,1.26,600.0,2011,269.78499999999997
Transit,1,3.57532,1.26,55.25,2014,55.25
Astrometry,1,246.36,1.26,20.77,2013,20.77
Radial Velocity,1,15.76491,3.91,10.91,1999,10.91
Radial Velocity,3,8.631,0.035,14.97,2013,14.97
Radial Velocity,3,25.6,0.024,14.97,2013,14.97
Radial Velocity,3,603.0,0.079,14.97,2013,14.97
Radial Velocity,1,2288.0,0.82,12.12,2009,12.12
Radial Velocity,2,692.0,1.894,15.1,2007,15.1
Radial Velocity,2,7100.0,1.6,15.1,2011,15.1
Radial Velocity,1,4100.0,2.3,20.03,2013,20.03
Radial Velocity,1,7.3709,0.018,9.04,2011,9.04
Radial Velocity,1,2.64385,1.26,10.23,2004,10.23
Imaging,1,39.9795,1.26,17.95,2013,17.95
Radial Velocity,4,5.36874,0.049,6.27,2005,6.27
Radial Velocity,4,12.9292,0.017,6.27,2005,6.27
Radial Velocity,4,66.8,0.022,6.27,2005,6.27
Radial Velocity,4,3.14942,0.006,6.27,2005,6.27
Radial Velocity,1,598.3,0.328,10.32,2009,10.32
Radial Velocity,6,7.2004,0.018,6.8,2011,6.8
Radial Velocity,6,28.14,0.012,6.8,2011,6.8
Radial Velocity,6,91.61,0.016,6.8,2013,6.8
Radial Velocity,6,62.24,0.008,6.8,2013,6.8
Radial Velocity,6,39.026,0.008,6.8,2013,6.8
Radial Velocity,6,256.2,0.014,6.8,2013,6.8
Radial Velocity,1,4.6938,0.035,4.54,2007,4.54
Radial Velocity,3,1050.3,4.95,16.13,2010,16.13
Radial Velocity,3,3.6,0.014,16.13,2012,16.13
Radial Velocity,3,35.37,0.036,16.13,2012,16.13
Radial Velocity,1,3416.0,0.64,4.94,2008,4.94
Radial Velocity,1,1845.0,0.91,8.77,2006,8.77
Radial Velocity,4,61.1166,2.2756,4.7,1998,4.7
Radial Velocity,4,30.0881,0.7142,4.7,2000,4.7
Radial Velocity,4,1.93778,0.021,4.7,2005,4.7
Radial Velocity,4,124.26,0.046,4.7,2010,4.7
Transit,1,1.58040482,1.26,55.25,2009,55.25
Radial Velocity,1,133.71,3.37,17.62,2000,17.62
Radial Velocity,1,3.33714,1.26,25.2,2012,25.2
Radial Velocity,1,2.64561,0.022,19.8,2010,19.8
Imaging,1,39.9795,1.26,145.0,2010,145.0
Transit,1,4.4652934,1.26,139.0,2006,139.0
Transit,1,5.6334729,1.26,135.32,2007,135.32
Transit,1,2.899736,1.26,138.0,2007,138.0
Transit,1,3.056536,1.26,314.0,2007,269.78499999999997
Transit,1,2.788491,1.26,342.0,2007,269.78499999999997
Transit,1,3.852985,1.26,261.0,2007,261.0
Transit,1,3.0763776,1.26,230.0,2008,230.0
Transit,1,3.92289,1.26,480.0,2008,269.78499999999997
Transit,1,3.2130598,1.26,142.5,2009,142.5
Transit,2,2.91626,1.26,214.0,2009,214.0
Radial Velocity,2,428.5,15.2,214.0,2009,214.0
Transit,1,4.627669,1.26,205.0,2010,205.0
Transit,1,10.863502,1.26,190.0,2010,190.0
Transit,1,2.77596,1.26,235.0,2010,235.0
Transit,2,10.338523,1.26,90.0,2010,90.0
Radial Velocity,2,5584.0,3.4,90.0,2010,90.0
Transit,1,5.508023,1.26,166.0,2010,166.0
Transit,1,4.008778,1.26,215.0,2010,215.0
Transit,1,2.875317,1.26,70.0,2010,70.0
Transit,1,4.124481,1.26,254.0,2010,254.0
Transit,1,3.21222,1.26,82.0,2010,82.0
Transit,1,1.212884,1.26,393.0,2010,269.78499999999997
Transit,1,3.35524,1.26,396.0,2010,269.78499999999997
Transit,1,3.652836,1.26,297.0,2010,269.78499999999997
Transit,1,4.234516,1.26,134.0,2010,134.0
Transit,1,3.039577,1.26,204.0,2011,204.0
Transit,1,3.257215,1.26,395.0,2011,269.78499999999997
Transit,1,5.723186,1.26,322.0,2011,269.78499999999997
Transit,1,2.810595,1.26,193.0,2011,193.0
Transit,2,5.005425,1.26,354.0,2011,269.78499999999997
Radial Velocity,2,1022.0,3.4,354.0,2011,269.78499999999997
Transit,1,2.150008,1.26,283.0,2011,269.78499999999997
Transit,1,3.474474,1.26,387.0,2011,269.78499999999997
Transit,1,5.452654,1.26,257.0,2011,257.0
Transit,1,3.646706,1.26,535.0,2011,269.78499999999997
Transit,1,1.327347,1.26,317.0,2011,269.78499999999997
Transit,1,2.797436,1.26,411.0,2011,269.78499999999997
Transit,1,4.640382,1.26,249.0,2012,249.0
Transit,1,3.54387,1.26,642.0,2012,269.78499999999997
Transit,1,4.457243,1.26,501.0,2012,269.78499999999997
Transit,1,2.694047,1.26,344.0,2012,269.78499999999997
Transit,1,4.641878,1.26,447.0,2012,269.78499999999997
Transit,1,3.332687,1.26,542.0,2012,269.78499999999997
Transit,1,2.691548,1.26,322.0,2014,269.78499999999997
Transit,1,3.446459,1.26,303.0,2012,269.78499999999997
Transit,1,1.354133,1.26,360.0,2013,269.78499999999997
Transit,1,3.547851,1.26,453.0,2013,269.78499999999997
Radial Velocity,2,349.7,1.25,25.64,2001,25.64
Radial Velocity,2,6005.0,5.3,25.64,2012,25.64
Radial Velocity,2,5.7727,0.024,23.44,2009,23.44
Radial Velocity,2,13.505,0.0186,23.44,2011,23.44
Radial Velocity,1,431.8,3.1,167.5,2011,167.5
Radial Velocity,1,533.0,6.1,7.01,2010,7.01
Radial Velocity,1,1183.0,4.9,89.85,2002,89.85
Radial Velocity,1,3.4442,0.48,53.71,2005,53.71
Radial Velocity,1,311.6,1.6,115.21,2013,115.21
Radial Velocity,1,62.218,0.229,11.11,2003,11.11
Radial Velocity,1,526.62,1.56,44.05,2007,44.05
Radial Velocity,1,829.0,0.8,32.7,2001,32.7
Radial Velocity,1,15.609,0.0405,21.85,2005,21.85
Radial Velocity,1,431.88,2.07,77.82,2001,77.82
Radial Velocity,1,356.0,2.3,131.41,2009,131.41
Radial Velocity,2,360.2,2.37,56.5,2012,56.5
Radial Velocity,2,2732.0,2.37,56.5,2012,56.5
Radial Velocity,1,675.0,1.94,100.0,2007,100.0
Radial Velocity,1,777.0,1.96,53.28,2009,53.28
Radial Velocity,1,792.6,1.26,58.17,2012,58.17
Radial Velocity,1,177.11,7.6,150.6,2011,150.6
Radial Velocity,1,22.09,0.48,40.32,2003,40.32
Radial Velocity,1,2496.0,1.65,55.01,2009,55.01
Radial Velocity,1,615.0,0.29,35.88,2011,35.88
Radial Velocity,2,1275.0,1.11,38.52,2011,38.52
Radial Velocity,2,4046.0,2.0,38.52,2011,38.52
Radial Velocity,1,5.3978,0.029,16.82,2008,16.82
Radial Velocity,1,1313.0,0.63,56.34,2010,56.34
Radial Velocity,1,227.0,1.8,44.15,2002,44.15
Radial Velocity,1,1634.0,14.2,38.26,2009,38.26
Radial Velocity,2,30.052,0.7,52.85,2009,52.85
Radial Velocity,2,192.9,1.82,52.85,2009,52.85
Radial Velocity,6,5.75962,0.041,39.39,2010,39.39
Radial Velocity,6,16.3567,0.038,39.39,2010,39.39
Radial Velocity,6,49.747,0.08,39.39,2010,39.39
Radial Velocity,6,122.72,0.074,39.39,2010,39.39
Radial Velocity,6,602.0,0.067,39.39,2010,39.39
Radial Velocity,6,2248.0,0.205,39.39,2010,39.39
Radial Velocity,1,989.2,0.94,17.35,2006,17.35
Radial Velocity,1,1075.2,6.21,32.56,1999,32.56
Radial Velocity,2,1270.2,3.44,53.82,2007,53.82
Radial Velocity,2,170.455,0.82,53.82,2008,53.82
Radial Velocity,1,711.0,6.54,66.49,2005,66.49
Radial Velocity,2,1945.0,0.622,33.98,2005,33.98
Radial Velocity,2,37.91,0.0788,33.98,2008,33.98
Radial Velocity,2,262.709,2.3,37.16,2000,37.16
Radial Velocity,2,1708.0,1.92,37.16,2002,37.16
Radial Velocity,1,471.6,14.0,300.3,2005,269.78499999999997
Radial Velocity,2,14.182,0.0325,28.6,2011,28.6
Radial Velocity,2,53.832,0.036,28.6,2011,28.6
Radial Velocity,2,19.382,0.865,66.89,2013,66.89
Radial Velocity,2,931.0,5.13,66.89,2013,66.89
Radial Velocity,1,4218.0,1.88,45.52,2009,45.52
Radial Velocity,1,75.523,0.26,35.91,2000,35.91
Radial Velocity,1,17.24,0.0696,25.54,2008,25.54
Radial Velocity,1,990.0,4.4,59.84,2009,59.84
Radial Velocity,1,465.1,14.3,50.18,2009,50.18
Radial Velocity,1,359.9,4.6,55.25,2007,55.25
Radial Velocity,1,21.21663,1.26,78.25,2007,78.25
Radial Velocity,1,772.0,2.7,127.88,2011,127.88
Radial Velocity,1,466.2,1.37,22.38,2003,22.38
Radial Velocity,2,11.849,0.0378,43.08,2011,43.08
Radial Velocity,2,33.823,0.0422,43.08,2011,43.08
Radial Velocity,1,500.0,1.07,27.13,2002,27.13
Radial Velocity,3,18.315,0.0085,6.06,2011,6.06
Radial Velocity,3,40.114,0.00755,6.06,2011,6.06
Radial Velocity,3,90.309,0.0151,6.06,2011,6.06
Radial Velocity,2,29.15,0.0379,35.89,2011,35.89
Radial Velocity,2,85.131,0.0496,35.89,2011,35.89
Radial Velocity,1,591.9,1.9,36.02,2006,36.02
Radial Velocity,1,380.85,1.99,44.5,2008,44.5
Radial Velocity,2,22.656,0.0322,32.31,2011,32.31
Radial Velocity,2,53.881,0.06472,32.31,2011,32.31
Radial Velocity,1,1214.0,1.5,89.13,2006,89.13
Radial Velocity,1,738.459,2.61,34.6,2001,34.6
Radial Velocity,1,528.07,13.65,31.79,2011,31.79
Radial Velocity,1,1561.0,7.71,51.97,2003,51.97
Radial Velocity,1,3668.0,4.01,46.51,2006,46.51
Radial Velocity,1,1845.0,0.95,56.05,2010,56.05
Radial Velocity,1,423.841,1.28,18.24,2000,18.24
Radial Velocity,1,2208.0,1.45,44.54,2012,44.54
Radial Velocity,1,17.991,0.62,42.37,2005,42.37
Radial Velocity,1,1117.0,1.16,56.18,2010,56.18
Radial Velocity,1,385.9,5.59,39.56,2001,39.56
Radial Velocity,1,387.1,1.7,168.92,2011,168.92
Radial Velocity,1,2819.654,9.17,54.71,2002,54.71
Radial Velocity,1,1159.2,1.373,26.5,2009,26.5
Radial Velocity,1,912.0,1.8,121.07,2011,121.07
Radial Velocity,1,466.0,0.5,53.82,2010,53.82
Radial Velocity,3,16.546,0.0363,38.01,2011,38.01
Radial Velocity,3,51.284,0.0498,38.01,2011,38.01
Radial Velocity,3,274.49,0.0519,38.01,2011,38.01
Radial Velocity,1,326.6,1.3,136.8,2011,136.8
Radial Velocity,1,18.179,0.33,86.88,2006,86.88
Radial Velocity,1,157.54,3.04,117.37,2009,117.37
Radial Velocity,1,1049.0,0.79,45.01,2009,45.01
Radial Velocity,1,388.0,9.1,20.98,2005,20.98
Radial Velocity,1,363.2,1.26,37.78,2010,37.78
Radial Velocity,3,154.46,0.61,33.24,2002,33.24
Radial Velocity,3,2295.0,0.683,33.24,2002,33.24
Radial Velocity,3,843.6,0.624,33.24,2005,33.24
Radial Velocity,1,2063.818,10.35,18.21,2001,18.21
Radial Velocity,2,55.0,2.3,42.88,2004,42.88
Radial Velocity,2,2720.0,3.366,42.88,2012,42.88
Radial Velocity,3,5.6363,0.0117,25.59,2011,25.59
Radial Velocity,3,14.025,0.0187,25.59,2011,25.59
Radial Velocity,3,33.941,0.0162,25.59,2011,25.59
Radial Velocity,2,14.3098,0.839,42.43,2000,42.43
Radial Velocity,2,2140.2,13.38,42.43,2000,42.43
Radial Velocity,1,696.3,10.7,99.4,2009,99.4
Radial Velocity,1,407.15,0.0961,15.56,2011,15.56
Radial Velocity,6,4.3123,0.0126,12.83,2008,12.83
Radial Velocity,6,9.6184,0.0208,12.83,2008,12.83
Radial Velocity,6,20.432,0.0299,12.83,2008,12.83
Radial Velocity,6,34.62,0.011,12.83,2012,12.83
Radial Velocity,6,51.76,0.0164,12.83,2012,12.83
Radial Velocity,6,197.8,0.0223,12.83,2012,12.83
Radial Velocity,1,264.15,4.01,33.33,2002,33.33
Radial Velocity,1,963.0,2.54,43.03,2004,43.03
Radial Velocity,1,1.3283,18.37,43.03,2003,43.03
Radial Velocity,2,18.357,0.039,52.03,2013,52.03
Radial Velocity,2,25.648,0.027,52.03,2013,52.03
Radial Velocity,1,327.8,0.6,54.94,2010,54.94
Radial Velocity,1,2371.0,25.0,37.05,2008,37.05
Radial Velocity,1,36.96,2.49,93.2,2007,93.2
Radial Velocity,1,472.0,0.58,50.43,2010,50.43
Radial Velocity,1,5.8872,0.04,22.04,2011,22.04
Radial Velocity,2,226.93,0.1872,32.58,2008,32.58
Radial Velocity,2,342.85,0.6579,32.58,2008,32.58
Radial Velocity,1,890.76,1.79,48.95,2004,48.95
Radial Velocity,1,43.6,0.47,36.14,2008,36.14
Radial Velocity,1,3.024,0.249,33.41,2000,33.41
Radial Velocity,2,4.0845,0.07167,37.84,2008,37.84
Radial Velocity,2,1353.6,0.35061,37.84,2008,37.84
Radial Velocity,2,430.0,5.0,121.36,2002,121.36
Radial Velocity,2,2500.0,7.0,121.36,2008,121.36
Radial Velocity,1,700.0,1.16,87.41,2008,87.41
Radial Velocity,1,4.9437,0.115,40.73,2002,40.73
Radial Velocity,1,2582.7,1.71,47.26,2005,47.26
Radial Velocity,1,1279.0,4.9,31.03,2002,31.03
Radial Velocity,2,14.07,0.0413,34.07,2011,34.07
Radial Velocity,2,95.415,0.0565,34.07,2011,34.07
Radial Velocity,1,118.96,1.13,28.07,2000,28.07
Radial Velocity,1,303.0,5.25,92.51,2003,92.51
Radial Velocity,2,201.83,3.1548,25.7,2008,25.7
Radial Velocity,2,607.06,7.4634,25.7,2008,25.7
Radial Velocity,1,2.817822,0.38,35.8,2005,35.8
Radial Velocity,1,589.64,2.9,10.34,2006,10.34
Radial Velocity,1,358.0,0.64,32.62,2009,32.62
Radial Velocity,2,572.4,1.26,35.59,2003,35.59
Radial Velocity,2,152.6,0.17,35.59,2011,35.59
Radial Velocity,1,480.5,6.0,80.06,2012,80.06
Radial Velocity,1,1973.0,2.82,55.04,2005,55.04
Radial Velocity,1,6.276,1.9,58.82,2001,58.82
Radial Velocity,3,8.667,0.033,12.58,2006,12.58
Radial Velocity,3,31.56,0.038,12.58,2006,12.58
Radial Velocity,3,197.0,0.058,12.58,2006,12.58
Radial Velocity,1,851.8,6.1,55.25,2007,55.25
Radial Velocity,1,2231.0,2.0,28.76,2003,28.76
Radial Velocity,1,3383.0,3.15,51.36,2002,51.36
Radial Velocity,1,1260.0,3.06,53.05,2008,53.05
Radial Velocity,1,2.54858,1.87,36.52,2003,36.52
Radial Velocity,2,188.9,2.25,94.61,2002,94.61
Radial Velocity,2,379.1,2.25,94.61,2005,94.61
Radial Velocity,1,1800.0,1.15,96.99,2008,96.99
Radial Velocity,3,51.645,1.8,64.56,2003,64.56
Radial Velocity,3,2473.0,8.06,64.56,2003,64.56
Radial Velocity,3,346.6,0.396,64.56,2007,64.56
Radial Velocity,1,3.51,0.42,28.94,1999,28.94
Radial Velocity,1,418.2,2.51,80.58,2007,80.58
Radial Velocity,1,3.971,0.197,59.7,2002,59.7
Radial Velocity,1,5.7361,1.26,41.27,2012,41.27
Radial Velocity,1,1966.1,1.34,48.64,2011,48.64
Radial Velocity,1,111.4357,1.26,29.04,2001,29.04
Radial Velocity,1,1001.7,6.86,32.56,2005,32.56
Radial Velocity,1,184.02,2.7,88.26,2007,88.26
Radial Velocity,2,441.47,1.26,27.46,2003,27.46
Radial Velocity,2,220.078,1.26,27.46,2003,27.46
Radial Velocity,1,705.0,1.3,112.23,2011,112.23
Radial Velocity,1,2.985625,0.4,43.53,2002,43.53
Radial Velocity,1,788.0,0.132,33.96,2009,33.96
Radial Velocity,1,58.43,0.01133,11.15,2011,11.15
Radial Velocity,1,2.1375,1.5,91.16,2006,91.16
Radial Velocity,1,1695.0,0.92,42.48,2009,42.48
Radial Velocity,1,1475.0,7.0,72.57,2009,72.57
Radial Velocity,1,2754.0,1.78,18.06,2009,18.06
Radial Velocity,1,3.416,0.22,74.46,2004,74.46
Radial Velocity,1,2157.0,1.78,30.88,2009,30.88
Radial Velocity,1,256.78,8.44,38.99,1999,38.99
Radial Velocity,1,49.77,0.057,22.09,2009,22.09
Radial Velocity,1,325.81,3.86,32.32,2000,32.32
Radial Velocity,1,143.58,0.37,28.9,2005,28.9
Radial Velocity,2,13.186,0.0263,42.52,2011,42.52
Radial Velocity,2,46.025,0.0318,42.52,2011,42.52
Imaging,1,39.9795,1.26,91.57,2013,91.57
Radial Velocity,1,507.0,1.2,149.03,2009,149.03
Radial Velocity,1,361.1,0.9,132.8,2011,132.8
Radial Velocity,1,498.9,0.68,84.03,2009,84.03
Radial Velocity,1,647.3,4.0,221.24,2011,221.24
Radial Velocity,2,8.1256,0.0284,26.21,2011,26.21
Radial Velocity,2,103.49,0.04,26.21,2011,26.21
Radial Velocity,1,9.494,0.026,21.3,2010,21.3
Radial Velocity,1,436.9,1.8,150.38,2011,150.38
Radial Velocity,1,4951.0,6.8,42.77,2012,42.77
Radial Velocity,1,439.3,0.502,60.46,2005,60.46
Radial Velocity,2,17.054,0.087,17.99,2004,17.99
Radial Velocity,2,4970.0,0.36,17.99,2010,17.99
Radial Velocity,1,868.0,1.4,130.89,2011,130.89
Radial Velocity,1,157.57,1.7,140.85,2011,140.85
Radial Velocity,1,383.7,1.16,52.8,2007,52.8
Radial Velocity,1,70.46,0.3,30.5,2005,30.5
Radial Velocity,1,20.8133,0.172,42.0,2005,42.0
Radial Velocity,1,4.113775,0.45,28.98,2006,28.98
Radial Velocity,2,127.58,5.9,164.2,2008,164.2
Radial Velocity,2,520.0,2.6,164.2,2008,164.2
Radial Velocity,1,122.1,0.05,9.24,2010,9.24
Radial Velocity,1,778.1,5.9,138.5,2011,138.5
Radial Velocity,1,6.495,0.96,121.07,2010,121.07
Radial Velocity,1,47.84,0.098,49.33,2009,49.33
Radial Velocity,1,5.8881,0.367,53.08,2013,53.08
Radial Velocity,1,55.806,0.186,20.82,2009,20.82
Radial Velocity,1,199.505,8.3,102.04,2003,102.04
Radial Velocity,1,1531.0,6.92,37.44,2002,37.44
Radial Velocity,1,2890.0,11.0,87.87,2011,87.87
Radial Velocity,1,3630.0,9.61,36.36,2012,36.36
Imaging,1,39.9795,1.26,91.83,2013,91.83
Radial Velocity,1,48.056,0.21,51.26,2005,51.26
Radial Velocity,1,10.8985,0.261,38.56,2002,38.56
Radial Velocity,1,443.4,2.6,138.5,2011,138.5
Radial Velocity,2,395.8,1.29,68.54,2002,68.54
Radial Velocity,2,1624.0,0.99,68.54,2005,68.54
Radial Velocity,1,68.27,0.77,65.62,2010,65.62
Radial Velocity,2,7.8543,0.054,56.92,2013,56.92
Radial Velocity,2,30.93,0.076,56.92,2013,56.92
Radial Velocity,1,5.24,0.28,59.03,2005,59.03
Radial Velocity,1,835.477,11.09,97.66,2009,97.66
Radial Velocity,1,1143.0,6.8,28.88,2003,28.88
Radial Velocity,1,324.0,2.83,37.42,2013,37.42
Radial Velocity,2,263.3,0.27,15.71,2010,15.71
Radial Velocity,2,1657.0,0.71,15.71,2010,15.71
Radial Velocity,2,937.7,1.24,28.04,2003,28.04
Radial Velocity,2,1046.0,1.26,28.04,2011,28.04
Radial Velocity,1,3827.0,0.48,20.48,2014,20.48
Radial Velocity,1,83.888,11.68,40.57,1989,40.57
Radial Velocity,1,493.7,1.1,20.43,2001,20.43
Radial Velocity,1,1114.0,0.95,35.0,2002,35.0
Radial Velocity,1,670.0,2.1,110.62,2011,110.62
Radial Velocity,1,2597.0,1.88,33.01,2004,33.01
Radial Velocity,1,25.827,0.178,38.02,2004,38.02
Radial Velocity,1,6.1335,2.13,88.57,2005,88.57
Radial Velocity,1,2082.0,4.5,97.66,2013,97.66
Radial Velocity,1,63.33,1.22,44.37,2003,44.37
Radial Velocity,1,344.95,3.71,133.16,2003,133.16
Radial Velocity,3,559.4,3.0,52.83,2007,52.83
Radial Velocity,3,4.1547,0.058,52.83,2009,52.83
Radial Velocity,3,3008.0,7.2,52.83,2009,52.83
Radial Velocity,1,9.6737,0.041,27.45,2009,27.45
Radial Velocity,1,1244.0,0.38,68.35,2009,68.35
Radial Velocity,1,948.12,0.224,38.05,2011,38.05
Radial Velocity,2,454.2,1.45,16.57,2002,16.57
Radial Velocity,2,923.8,3.24,16.57,2005,16.57
Radial Velocity,1,1840.0,1.6,67.61,2009,67.61
Radial Velocity,1,10.7085,1.04,29.76,1999,29.76
Radial Velocity,1,883.0,2.2,121.36,2011,121.36
Radial Velocity,1,1951.0,18.15,57.21,2008,57.21
Radial Velocity,1,974.0,5.61,70.97,2007,70.97
Radial Velocity,1,1544.0,1.49,98.52,2011,98.52
Radial Velocity,2,3.27,0.0351,24.15,2011,24.15
Radial Velocity,2,1160.9,0.1507,24.15,2011,24.15
Radial Velocity,2,258.19,1.59,25.65,1999,25.65
Radial Velocity,2,5000.0,0.82,25.65,2009,25.65
Radial Velocity,3,12.083,0.0292,26.91,2011,26.91
Radial Velocity,3,59.519,0.0382,26.91,2011,26.91
Radial Velocity,3,459.26,0.121,26.91,2011,26.91
Radial Velocity,1,464.3,2.0,106.38,2009,106.38
Radial Velocity,3,11.577,0.0166,14.56,2011,14.56
Radial Velocity,3,27.582,0.0358,14.56,2011,14.56
Radial Velocity,3,106.72,0.03,14.56,2011,14.56
Radial Velocity,1,330.0,0.223,38.45,2011,38.45
Radial Velocity,1,1125.7,9.76,121.36,2008,121.36
Radial Velocity,1,653.22,9.7,33.46,2002,33.46
Radial Velocity,1,1928.0,5.1,35.87,2005,35.87
Radial Velocity,1,1299.0,1.9,106.38,2011,106.38
Radial Velocity,1,386.3,1.62,34.57,2003,34.57
Radial Velocity,1,1057.0,3.12,59.35,2008,59.35
Radial Velocity,1,176.3,2.9,126.1,2010,126.1
Radial Velocity,1,103.95,5.76,55.19,2008,55.19
Radial Velocity,2,44.236,2.12,42.68,2009,42.68
Radial Velocity,2,1008.0,6.56,42.68,2009,42.68
Radial Velocity,1,528.4,1.21,12.87,2003,12.87
Radial Velocity,1,1027.0,0.85,53.05,2009,53.05
Radial Velocity,1,331.5,0.96,59.28,2009,59.28
Radial Velocity,1,2.8758911,1.26,78.86,2005,78.86
Radial Velocity,1,4.072,1.33,63.49,2005,63.49
Radial Velocity,1,2.391,15.5,76.51,2009,76.51
Radial Velocity,1,1096.2,0.168,29.55,2011,29.55
Radial Velocity,1,2097.0,3.0,85.18,2009,85.18
Radial Velocity,1,689.0,1.5,182.82,2011,182.82
Radial Velocity,1,499.4,2.73,51.87,2008,51.87
Radial Velocity,1,18.596,0.0193,18.08,2011,18.08
Radial Velocity,1,3342.0,0.947,18.06,2006,18.06
Radial Velocity,1,163.9,5.02,65.79,2008,65.79
Radial Velocity,2,408.6,2.24,68.54,2004,68.54
Radial Velocity,2,3452.0,2.58,68.54,2014,68.54
Radial Velocity,2,194.3,0.85,43.4,2007,43.4
Radial Velocity,2,391.9,0.82,43.4,2007,43.4
Radial Velocity,1,131.05,9.71,35.37,2011,35.37
Radial Velocity,1,842.0,0.75,55.1,2009,55.1
Radial Velocity,1,4.6455,0.013,24.05,2010,24.05
Radial Velocity,1,359.5546,10.57,49.0,2007,49.0
Radial Velocity,1,104.84,0.12,33.48,2011,33.48
Radial Velocity,1,521.0,1.8,114.15,2011,114.15
Radial Velocity,2,12.62,1.13,68.59,2013,68.59
Radial Velocity,2,248.4,1.9,68.59,2013,68.59
Radial Velocity,2,1178.4,2.1,52.72,2006,52.72
Radial Velocity,2,352.3,0.73,52.72,2012,52.72
Radial Velocity,4,643.25,1.26,15.28,2000,15.28
Radial Velocity,4,4205.8,1.814,15.28,2004,15.28
Radial Velocity,4,9.6386,1.26,15.28,2004,15.28
Radial Velocity,4,310.55,1.26,15.28,2006,15.28
Radial Velocity,1,8.428198,14.4,31.26,2002,31.26
Radial Velocity,2,75.29,0.77,69.44,2010,69.44
Radial Velocity,2,1314.0,2.29,69.44,2010,69.44
Radial Velocity,1,282.4,0.48,51.81,2010,51.81
Radial Velocity,1,606.4,2.7,37.98,2009,37.98
Radial Velocity,1,1155.0,0.36,21.92,2005,21.92
Radial Velocity,1,5144.0,3.53,42.99,2012,42.99
Radial Velocity,1,420.77,1.7,50.0,2007,50.0
Radial Velocity,2,58.11289,8.02,37.88,1998,37.88
Radial Velocity,2,1749.5,18.1,37.88,2000,37.88
Radial Velocity,1,6.403,0.23,43.12,2002,43.12
Radial Velocity,2,225.62,2.88,36.32,2000,36.32
Radial Velocity,2,2102.0,4.04,36.32,2003,36.32
Radial Velocity,1,1145.0,0.67,64.98,2007,64.98
Radial Velocity,1,538.0,1.83,55.25,2007,55.25
Radial Velocity,1,1523.0,2.6,44.05,2009,44.05
Radial Velocity,1,323.6,2.7,134.95,2008,134.95
Radial Velocity,1,1290.0,7.8,67.02,2009,67.02
Radial Velocity,1,297.3,0.61,127.55,2007,127.55
Astrometry,1,1016.0,1.26,14.98,2010,14.98
Radial Velocity,2,406.6,1.49,59.03,1999,59.03
Radial Velocity,2,110.9,0.15,59.03,2010,59.03
Radial Velocity,1,71.484,7.03,46.73,2001,46.73
Radial Velocity,1,14.476,0.08,63.69,2008,63.69
Radial Velocity,1,3.0925,0.95,27.05,2000,27.05
Radial Velocity,1,396.03,1.26,131.75,2010,131.75
Radial Velocity,1,479.0,1.6,114.55,2009,114.55
Radial Velocity,1,663.0,3.3,115.47,2009,115.47
Radial Velocity,3,9.3743,0.0238,26.15,2008,26.15
Radial Velocity,3,962.0,0.64,26.15,2008,26.15
Radial Velocity,3,2172.0,0.54,26.15,2008,26.15
Radial Velocity,1,956.0,0.37,55.93,2009,55.93
Radial Velocity,2,634.23,3.69,52.83,2004,52.83
Radial Velocity,2,2950.0,3.82,52.83,2008,52.83
Radial Velocity,1,6.838,0.94,47.37,2006,47.37
Radial Velocity,1,986.0,0.75,44.98,2006,44.98
Radial Velocity,2,3.097,0.52,47.92,1998,47.92
Radial Velocity,2,3810.0,1.99,47.92,1999,47.92
Radial Velocity,1,456.46,1.26,52.63,2004,52.63
Radial Velocity,1,14.275,0.0316,17.72,2011,17.72
Radial Velocity,1,2.21857578,1.26,19.25,2005,19.25
Radial Velocity,1,1136.1,5.93,62.11,2002,62.11
Radial Velocity,2,2891.0,1.502,15.89,2003,15.89
Radial Velocity,2,17.1,0.057,15.89,2005,15.89
Radial Velocity,1,1038.1,1.9,54.23,2007,54.23
Radial Velocity,1,4885.0,3.1,189.39,2009,189.39
Radial Velocity,1,24.348,0.72,19.89,1999,19.89
Radial Velocity,2,74.72,0.05318,8.82,2011,8.82
Radial Velocity,2,525.8,0.07552,8.82,2011,8.82
Radial Velocity,1,351.5,2.5,67.39,2007,67.39
Radial Velocity,1,18.20163,3.7,37.35,1999,37.35
Radial Velocity,1,1289.0,3.0,46.93,2002,46.93
Radial Velocity,1,3638.0,6.9,43.57,2012,43.57
Radial Velocity,1,1333.0,2.58,32.99,2007,32.99
Radial Velocity,1,1035.7,0.79,32.83,2011,32.83
Radial Velocity,2,613.8,1.85,68.35,2010,68.35
Radial Velocity,2,825.0,0.895,68.35,2010,68.35
Radial Velocity,2,255.87,17.4,46.34,2002,46.34
Radial Velocity,2,1383.4,2.44,46.34,2004,46.34
Imaging,1,39.9795,1.26,40.85,2006,40.85
Radial Velocity,3,1931.0,4.05,47.3,2009,47.3
Radial Velocity,3,34.873,0.054,47.3,2011,47.3
Radial Velocity,3,2831.6,1.68,47.3,2012,47.3
Radial Velocity,1,1733.0,0.266,26.95,2011,26.95
Radial Velocity,1,279.8,1.37,90.33,2008,90.33
Radial Velocity,1,610.0,2.2,170.07,2009,170.07
Radial Velocity,2,161.97,1.26,55.31,2012,55.31
Radial Velocity,2,1155.7,1.26,55.31,2012,55.31
Radial Velocity,1,123.0,0.45,43.99,2004,43.99
Radial Velocity,1,875.5,9.9,352.11,2012,269.78499999999997
Radial Velocity,1,3.52474859,1.26,47.08,1999,47.08
Radial Velocity,1,442.1,1.23,21.29,1998,21.29
Radial Velocity,1,354.8,1.26,55.93,2007,55.93
Radial Velocity,1,2.245715,0.45,52.72,2005,52.72
Radial Velocity,1,373.3,2.3,121.8,2009,121.8
Radial Velocity,1,951.0,4.5,40.75,2001,40.75
Radial Velocity,2,7.2825,0.0087,21.52,2011,21.52
Radial Velocity,2,10.866,0.0097,21.52,2011,21.52
Radial Velocity,2,191.99,0.101,38.64,2011,38.64
Radial Velocity,2,2277.0,0.246,38.64,2011,38.64
Radial Velocity,2,3.93,0.017,43.53,2009,43.53
Radial Velocity,2,567.0,0.33,43.53,2009,43.53
Radial Velocity,1,1311.0,1.26,33.29,2002,33.29
Radial Velocity,1,1294.0,2.1,26.52,2002,26.52
Radial Velocity,1,118.45,0.65,37.89,2003,37.89
Radial Velocity,2,7.126816,1.39,19.72,1998,19.72
Radial Velocity,2,4270.0,2.6,19.72,2005,19.72
Radial Velocity,1,1319.0,13.0,54.92,2010,54.92
Radial Velocity,1,225.7,0.21,29.94,2010,29.94
Radial Velocity,1,5501.0,10.39,29.2,2012,29.2
Radial Velocity,1,2093.3,1.26,55.25,2012,55.25
Radial Velocity,1,3.8335,0.06,81.1,2007,81.1
Radial Velocity,1,672.1,11.1,289.02,2012,269.78499999999997
Radial Velocity,1,2209.0,1.06,45.23,2012,45.23
Radial Velocity,1,3724.7,1.45,48.43,2011,48.43
Radial Velocity,1,456.1,3.09,52.88,2007,52.88
Radial Velocity,1,3999.0,1.9,50.45,2011,50.45
Radial Velocity,1,572.38,7.75,41.95,1999,41.95
Radial Velocity,1,26.73,0.71,94.07,2006,94.07
Radial Velocity,1,141.6,1.08,108.46,2007,108.46
Radial Velocity,1,192.0,6.575,55.25,2013,55.25
Radial Velocity,1,501.75,6.9,55.25,2009,55.25
Radial Velocity,1,745.7,5.3,307.69,2011,269.78499999999997
Radial Velocity,1,2443.0,2.54,54.92,2009,54.92
Radial Velocity,1,8.7836,0.0265,9.42,2008,9.42
Radial Velocity,1,3.369,0.76,50.2,2004,50.2
Radial Velocity,2,345.72,1.42,44.8,2009,44.8
Radial Velocity,2,9017.8,1.26,44.8,2011,44.8
Radial Velocity,1,57.0,0.47,23.8,2010,23.8
Radial Velocity,1,16.2,1.25,223.21,2010,223.21
Radial Velocity,3,6.673855,3.88,52.88,2005,52.88
Radial Velocity,3,147.73,1.28,52.88,2006,52.88
Radial Velocity,3,952.0,0.57,52.88,2009,52.88
Radial Velocity,1,41.397,0.298,11.03,2010,11.03
Radial Velocity,3,8.1352,0.036,25.87,2011,25.87
Radial Velocity,3,32.03,0.41,25.87,2011,25.87
Radial Velocity,3,431.7,0.527,25.87,2011,25.87
Imaging,1,39.9795,1.26,11.43,2010,11.43
Radial Velocity,1,124.6,9.18,149.25,2013,149.25
Radial Velocity,1,17337.5,9.0,23.98,2009,23.98
Radial Velocity,1,511.098,8.82,31.33,2002,31.33
Imaging,1,39.9795,1.26,131.93,2010,131.93
Radial Velocity,1,111.7,2.1,14.9,2009,14.9
Radial Velocity,1,5.0505,1.068,44.46,2013,44.46
Radial Velocity,1,311.288,1.94,17.24,1999,17.24
Imaging,4,170000.0,1.26,39.94,2008,39.94
Imaging,4,69000.0,1.26,39.94,2008,39.94
Imaging,4,37000.0,1.26,39.94,2008,39.94
Imaging,4,18000.0,1.26,39.94,2010,39.94
Transit,1,1.217514,1.26,262.0,2012,262.0
Transit,1,4.1137912,1.26,124.22,2012,124.22
Transit,1,2.7033904,1.47,178.0,2013,178.0
Transit,1,7.8457,1.26,222.0,2014,222.0
Transit,1,2.47063,1.26,213.0,2006,213.0
Transit,1,2.204737,1.26,320.0,2008,269.78499999999997
Transit,1,4.8878162,1.26,38.0,2008,38.0
Transit,1,3.21346,1.26,550.0,2009,269.78499999999997
Transit,1,3.54846,1.26,55.25,2009,55.25
Transit,1,3.234723,1.26,55.25,2009,55.25
Transit,1,4.885525,1.26,55.25,2009,55.25
Transit,1,3.52254,1.26,1330.0,2010,269.78499999999997
Transit,3,19.24,1.26,650.0,2010,269.78499999999997
Transit,3,38.91,1.26,650.0,2010,269.78499999999997
Transit,3,1.592851,1.26,650.0,2010,269.78499999999997
Transit,2,0.837495,1.26,173.0,2011,173.0
Transit,2,45.29485,1.26,173.0,2011,173.0
Transit,6,10.3039,1.26,613.0,2010,269.78499999999997
Transit,6,13.0241,1.26,613.0,2010,269.78499999999997
Transit,6,22.6845,1.26,613.0,2010,269.78499999999997
Transit,6,31.9996,1.26,613.0,2010,269.78499999999997
Transit,6,46.6888,1.26,613.0,2010,269.78499999999997
Transit,6,118.3807,1.26,613.0,2010,269.78499999999997
Transit,1,4.4379637,1.26,600.0,2011,269.78499999999997
Transit,1,1.7635892,1.26,55.25,2011,55.25
Transit,1,6.790123,1.26,980.0,2011,269.78499999999997
Transit,1,4.942782,1.26,55.25,2011,55.25
Transit,1,228.776,1.26,61.0,2011,61.0
Transit,1,1.4857108,1.26,800.0,2011,269.78499999999997
Transit,3,3.504725,1.26,55.25,2011,55.25
Transit,3,7.64159,1.26,55.25,2011,55.25
Transit,3,14.85888,1.26,55.25,2011,55.25
Transit,2,9.2869944,1.26,2119.0,2011,269.78499999999997
Transit Timing Variations,2,160.0,1.26,2119.0,2011,269.78499999999997
Transit,5,3.6961219,1.26,290.0,2011,269.78499999999997
Transit,5,10.854092,1.26,290.0,2011,269.78499999999997
Transit,5,77.61184,1.26,290.0,2011,269.78499999999997
Transit,5,6.098493,1.26,290.0,2011,269.78499999999997
Transit,5,19.57706,1.26,290.0,2011,269.78499999999997
Transit,1,2.785755,1.26,108.0,2011,108.0
Transit,1,289.8623,1.26,190.0,2011,190.0
Transit,2,7.1073,1.26,800.0,2011,269.78499999999997
Transit,2,10.7421,1.26,800.0,2011,269.78499999999997
Transit,2,8.1453,1.26,1200.0,2011,269.78499999999997
Transit,2,12.3335,1.26,1200.0,2011,269.78499999999997
Transit,3,6.2385,1.26,55.25,2011,55.25
Transit,3,12.7204,1.26,55.25,2011,55.25
Radial Velocity,3,123.0,1.26,55.25,2014,55.25
Transit,2,12.2829,1.26,55.25,2011,55.25
Transit,2,17.2513,1.26,55.25,2011,55.25
Transit,2,15.3348,1.26,55.25,2011,55.25
Transit,2,31.3309,1.26,55.25,2011,55.25
Transit,2,5.9123,1.26,55.25,2011,55.25
Transit,2,8.9858,1.26,55.25,2011,55.25
Transit,2,10.3376,1.26,1400.0,2011,269.78499999999997
Transit,2,13.2907,1.26,1400.0,2011,269.78499999999997
Transit,3,29.33434,1.26,1400.0,2012,269.78499999999997
Transit,3,60.323105,1.26,1400.0,2012,269.78499999999997
Transit,3,143.34394,1.26,1400.0,2012,269.78499999999997
Transit,2,20.8613,1.26,2100.0,2011,269.78499999999997
Transit,2,42.6318,1.26,2100.0,2011,269.78499999999997
Transit,5,5.90124,1.26,303.0,2011,269.78499999999997
Transit,5,8.7522,1.26,303.0,2011,269.78499999999997
Transit,5,22.7802,1.26,303.0,2012,269.78499999999997
Transit,5,2.896,1.26,303.0,2012,269.78499999999997
Transit,5,0.74296,1.26,303.0,2012,269.78499999999997
Transit,5,5.66793,1.26,55.25,2011,55.25
Transit,5,13.17562,1.26,55.25,2011,55.25
Transit,5,21.77596,1.26,55.25,2011,55.25
Transit,5,31.7844,1.26,55.25,2011,55.25
Transit,5,41.02902,1.26,55.25,2011,55.25
Transit,1,288.822,1.26,1499.0,2011,269.78499999999997
Transit,1,131.458,1.26,1645.0,2011,269.78499999999997
Transit,2,13.83989,1.26,470.0,2012,269.78499999999997
Transit,2,16.23855,1.26,470.0,2012,269.78499999999997
Transit,3,13.367308,1.26,66.0,2013,66.0
Transit,3,21.301886,1.26,66.0,2013,66.0
Transit,3,39.792187,1.26,66.0,2013,66.0
Transit,1,105.599,1.26,600.0,2012,269.78499999999997
Transit,1,21.0874,1.26,1200.0,2011,269.78499999999997
Transit,1,6.87349,1.26,2700.0,2010,269.78499999999997
Transit,1,1.855558,1.26,770.0,2011,269.78499999999997
Transit,3,1.2137672,1.26,38.7,2011,38.7
Transit,3,0.45328509,1.26,38.7,2011,38.7
Transit,3,1.865169,1.26,38.7,2011,38.7
Transit,1,3.024095,1.26,1950.0,2011,269.78499999999997
Transit,1,3.24674,1.26,2250.0,2011,269.78499999999997
Transit,1,2.455239,1.26,333.0,2011,269.78499999999997
Transit,2,33.60134,1.26,855.0,2012,269.78499999999997
Transit Timing Variations,2,57.011,1.26,855.0,2012,269.78499999999997
Transit,2,49.532,1.26,1500.0,2012,269.78499999999997
Transit,2,303.137,1.26,1500.0,2012,269.78499999999997
Transit,4,4.7779803,1.26,55.25,2012,55.25
Transit,4,9.6739283,1.26,55.25,2012,55.25
Transit,4,42.8961,1.26,55.25,2014,55.25
Radial Velocity,4,982.0,1.26,55.25,2014,55.25
Transit,2,7.2037945,1.26,55.25,2012,55.25
Transit,2,10.9129343,1.26,55.25,2012,55.25
Transit,2,7.81254,1.26,55.25,2012,55.25
Transit,2,9.37647,1.26,55.25,2012,55.25
Transit,3,45.154,1.26,55.25,2012,55.25
Transit,3,85.312,1.26,55.25,2012,55.25
Transit Timing Variations,3,39.9795,1.26,55.25,2014,55.25
Transit,2,7.8773565,1.26,55.25,2012,55.25
Transit,2,16.3850021,1.26,55.25,2012,55.25
Transit,2,18.6489525,1.26,55.25,2012,55.25
Transit,2,38.5583038,1.26,55.25,2012,55.25
Transit,2,8.0109434,1.26,55.25,2012,55.25
Transit,2,12.0717249,1.26,55.25,2012,55.25
Transit,2,27.9481449,1.26,55.25,2012,55.25
Transit,2,42.1516418,1.26,55.25,2012,55.25
Transit,2,10.5016,1.26,55.25,2012,55.25
Transit,2,21.40239,1.26,55.25,2012,55.25
Transit,2,5.7293196,1.26,55.25,2012,55.25
Transit,2,11.6092567,1.26,55.25,2012,55.25
Transit,2,10.2184954,1.26,55.25,2012,55.25
Transit,2,15.5741568,1.26,55.25,2012,55.25
Transit,2,11.8681707,1.26,55.25,2012,55.25
Transit,2,17.9801235,1.26,55.25,2012,55.25
Transit,3,7.1316185,1.26,55.25,2012,55.25
Transit,3,8.9193459,1.26,55.25,2012,55.25
Transit,3,11.9016171,1.26,55.25,2012,55.25
Transit,1,59.87756,1.26,55.25,2013,55.25
Transit,5,5.714932,1.26,368.0,2013,269.78499999999997
Transit,5,12.4417,1.26,368.0,2013,269.78499999999997
Transit,5,18.16406,1.26,368.0,2013,269.78499999999997
Transit,5,122.3874,1.26,368.0,2013,269.78499999999997
Transit,5,267.291,1.26,368.0,2013,269.78499999999997
Transit,1,9.4341505,1.26,200.0,2013,200.0
Transit,1,138.317,1.26,1000.0,2012,269.78499999999997
Transit,3,2.15491,1.26,55.25,2012,55.25
Transit,3,5.859944,1.26,55.25,2012,55.25
Transit,3,8.13123,1.26,55.25,2012,55.25
Transit,1,17.815815,1.26,1107.0,2013,269.78499999999997
Transit,1,15.7259,1.26,1107.0,2013,269.78499999999997
Transit,3,5.398763,1.26,135.0,2012,135.0
Transit,3,9.605085,1.26,135.0,2012,135.0
Radial Velocity,3,580.0,0.947,135.0,2012,135.0
Transit,2,13.722341,1.26,55.25,2013,55.25
Transit,2,242.4613,1.26,55.25,2013,55.25
Orbital Brightness Modulation,2,0.240104,1.26,1180.0,2011,269.78499999999997
Orbital Brightness Modulation,2,0.342887,1.26,1180.0,2011,269.78499999999997
Transit,1,3.90512,1.26,800.0,2010,269.78499999999997
Transit,1,7.340718,1.26,1330.0,2013,269.78499999999997
Transit,1,8.884924,1.26,1140.0,2013,269.78499999999997
Orbital Brightness Modulation,1,1.54492875,1.26,55.25,2013,55.25
Transit,1,3.57878087,1.26,570.0,2013,269.78499999999997
Transit,1,0.355,1.26,55.25,2013,55.25
Transit,2,13.485,1.26,55.25,2012,55.25
Transit,2,27.402,1.26,55.25,2012,55.25
Transit,2,7.053,1.26,55.25,2012,55.25
Transit,2,9.522,1.26,55.25,2012,55.25
Transit,2,5.955,1.26,55.25,2012,55.25
Transit,2,12.04,1.26,55.25,2012,55.25
Transit,2,26.444,1.26,55.25,2012,55.25
Transit,2,51.538,1.26,55.25,2012,55.25
Transit,2,9.77,1.26,55.25,2012,55.25
Transit,2,20.09,1.26,55.25,2012,55.25
Transit,2,8.726,1.26,55.25,2012,55.25
Transit,2,12.883,1.26,55.25,2012,55.25
Transit,2,8.306,1.26,55.25,2012,55.25
Transit,2,12.513,1.26,55.25,2012,55.25
Transit,1,282.5255,1.26,55.25,2013,55.25
Transit,2,114.73635,1.26,55.25,2013,55.25
Transit,2,191.2318,1.26,55.25,2013,55.25
Transit,2,10.95416,1.26,339.0,2013,269.78499999999997
Transit Timing Variations,2,22.3395,1.26,339.0,2013,269.78499999999997
Transit,4,3.743208,1.26,55.25,2013,55.25
Transit,4,10.423648,1.26,55.25,2013,55.25
Transit,4,22.342989,1.26,55.25,2013,55.25
Transit,4,54.32031,1.26,55.25,2013,55.25
Transit,7,7.008151,1.26,780.0,2013,269.78499999999997
Transit,7,8.719375,1.26,780.0,2013,269.78499999999997
Transit,7,59.73667,1.26,780.0,2013,269.78499999999997
Transit,7,91.93913,1.26,780.0,2013,269.78499999999997
Transit,7,124.9144,1.26,780.0,2013,269.78499999999997
Transit,7,210.60697,1.26,780.0,2013,269.78499999999997
Transit,7,331.60059,1.26,780.0,2013,269.78499999999997
Transit,1,6.24658,1.26,1030.0,2013,269.78499999999997
Transit,2,13.749,1.26,55.25,2013,55.25
Transit,2,26.723,1.26,55.25,2013,55.25
Transit,2,4.72674,1.26,55.25,2014,55.25
Radial Velocity,2,1460.0,1.26,55.25,2014,55.25
Transit,2,2.50806,1.26,55.25,2014,55.25
Radial Velocity,2,820.3,1.26,55.25,2014,55.25
Transit,1,11.5231,1.26,55.25,2014,55.25
Transit,1,16.2385,1.26,55.25,2014,55.25
Transit,2,2.58664,1.26,55.25,2014,55.25
Radial Velocity,2,789.0,1.26,55.25,2014,55.25
Transit,1,1.54168,1.26,55.25,2014,55.25
Transit,1,4.60358,1.26,55.25,2014,55.25
Transit,3,6.88705,1.26,55.25,2014,55.25
Transit,3,12.8159,1.26,55.25,2014,55.25
Transit,3,35.3331,1.26,55.25,2014,55.25
Transit,5,5.28696,1.26,55.25,2014,55.25
Transit,5,7.07142,1.26,55.25,2014,55.25
Transit,5,10.3117,1.26,55.25,2014,55.25
Transit,5,16.1457,1.26,55.25,2013,55.25
Transit,5,27.4536,1.26,55.25,2014,55.25
Transit,2,15.9654,1.26,55.25,2014,55.25
Transit,2,179.612,1.26,55.25,2014,55.25
Transit,2,5.4122,1.26,55.25,2013,55.25
Transit,4,6.16486,1.26,55.25,2014,55.25
Transit,4,13.5708,1.26,55.25,2014,55.25
Transit,4,23.9802,1.26,55.25,2014,55.25
Transit,4,43.8445,1.26,55.25,2014,55.25
Transit,2,6.48163,1.26,55.25,2014,55.25
Transit,2,21.2227,1.26,55.25,2014,55.25
Transit,2,4.754,1.26,55.25,2014,55.25
Transit,2,8.92507,1.26,55.25,2014,55.25
Transit,2,8.041,1.26,55.25,2013,55.25
Transit,2,11.776,1.26,55.25,2013,55.25
Transit,2,15.09,1.26,55.25,2013,55.25
Transit,2,22.804,1.26,55.25,2013,55.25
Transit,3,27.50868,1.26,55.25,2013,55.25
Transit,2,16.092,1.26,55.25,2014,55.25
Transit,2,25.5169,1.26,55.25,2014,55.25
Transit,2,13.78164,1.26,55.25,2014,55.25
Transit,2,23.08933,1.26,55.25,2014,55.25
Transit,2,22.951,1.26,55.25,2013,55.25
Transit,2,42.882,1.26,55.25,2013,55.25
Transit,2,36.855,1.26,55.25,2013,55.25
Transit,2,49.412,1.26,55.25,2013,55.25
Transit,2,23.654,1.26,55.25,2013,55.25
Transit,2,50.447,1.26,55.25,2013,55.25
Transit,2,31.884,1.26,55.25,2013,55.25
Transit,2,48.648,1.26,55.25,2013,55.25
Transit,2,17.324,1.26,55.25,2013,55.25
Transit,2,33.006,1.26,55.25,2013,55.25
Transit,2,35.736,1.26,55.25,2013,55.25
Transit,2,54.414,1.26,55.25,2013,55.25
Transit,2,24.806,1.26,55.25,2013,55.25
Transit,2,44.347,1.26,55.25,2013,55.25
Transit,2,5.487,1.26,55.25,2013,55.25
Transit,2,8.291,1.26,55.25,2013,55.25
Transit,2,10.416,1.26,55.25,2013,55.25
Transit,2,13.084,1.26,55.25,2013,55.25
Transit,2,34.921,1.26,55.25,2013,55.25
Transit,2,71.312,1.26,55.25,2013,55.25
Transit,2,17.849,1.26,55.25,2013,55.25
Transit,2,26.136,1.26,55.25,2013,55.25
Transit,2,42.994,1.26,55.25,2013,55.25
Transit,2,88.505,1.26,55.25,2013,55.25
Transit,2,2.42629,1.26,55.25,2014,55.25
Transit,2,4.62332,1.26,55.25,2014,55.25
Transit,2,0.66931,1.26,55.25,2014,55.25
Radial Velocity,2,3000.0,1.26,55.25,2014,55.25
Transit,1,2.46502,1.26,55.25,2014,55.25
Transit,1,68.9584,1.26,55.25,2014,55.25
Transit,1,17.833648,1.26,132.0,2013,132.0
Transit,1,3.00516,1.26,55.25,2013,55.25
Transit,1,1.72086123,1.26,1056.0,2014,269.78499999999997
Transit,1,66.262,1.26,55.25,2014,55.25
Imaging,1,40000.0,1.26,55.25,2011,55.25
Transit,1,3.91405,1.26,2000.0,2007,269.78499999999997
Microlensing,1,39.9795,1.26,55.25,2008,55.25
Microlensing,1,39.9795,1.26,55.25,2008,55.25
Microlensing,1,39.9795,1.26,55.25,2009,55.25
Microlensing,1,39.9795,1.26,3600.0,2013,269.78499999999997
Microlensing,1,2780.0,1.26,55.25,2011,55.25
Microlensing,1,39.9795,1.26,55.25,2010,55.25
Microlensing,1,1970.0,1.26,55.25,2010,55.25
Microlensing,1,39.9795,1.26,2300.0,2012,269.78499999999997
Microlensing,1,39.9795,1.26,2800.0,2012,269.78499999999997
Microlensing,1,39.9795,1.26,7720.0,2012,269.78499999999997
Microlensing,1,39.9795,1.26,7560.0,2013,269.78499999999997
Radial Velocity,1,677.8,19.8,55.25,2007,55.25
Radial Velocity,1,6.958,0.34,55.25,2014,55.25
Radial Velocity,1,5.118,0.4,55.25,2014,55.25
Radial Velocity,1,121.71,1.54,55.25,2014,55.25
Microlensing,1,39.9795,1.26,55.25,2004,55.25
Microlensing,1,3600.0,1.26,55.25,2005,55.25
Microlensing,1,3300.0,1.26,55.25,2006,55.25
Microlensing,1,3500.0,1.26,55.25,2005,55.25
Microlensing,2,1825.0,1.26,55.25,2008,55.25
Microlensing,2,5100.0,1.26,55.25,2008,55.25
Microlensing,1,39.9795,1.26,55.25,2009,55.25
Microlensing,1,39.9795,1.26,2570.0,2012,269.78499999999997
Microlensing,2,39.9795,1.26,4080.0,2012,269.78499999999997
Microlensing,2,39.9795,1.26,4080.0,2012,269.78499999999997
Microlensing,1,39.9795,1.26,1760.0,2013,269.78499999999997
Microlensing,1,39.9795,1.26,4970.0,2013,269.78499999999997
Transit,1,2.4855335,1.26,55.25,2008,55.25
Transit,1,3.101278,1.26,55.25,2004,55.25
Transit,1,1.2119189,1.26,55.25,2002,55.25
Transit,1,4.0161,1.26,55.25,2004,55.25
Transit,1,1.4324752,1.26,600.0,2004,269.78499999999997
Transit,1,1.689868,1.26,2500.0,2004,269.78499999999997
Transit,1,3.9791,1.26,55.25,2007,55.25
Transit,1,3.67724,1.26,55.25,2007,55.25
Imaging,1,730000.0,1.26,55.25,2006,55.25
Transit,1,3.1606296,1.26,1200.0,2013,269.78499999999997
Radial Velocity,1,4.4264,1.26,55.25,2012,55.25
Radial Velocity,1,2.1451,1.26,55.25,2012,55.25
Pulsar Timing,3,25.262,1.26,55.25,1992,55.25
Pulsar Timing,3,66.5419,1.26,55.25,1992,55.25
Pulsar Timing,3,98.2114,1.26,55.25,1994,55.25
Pulsar Timing,1,36525.0,1.26,55.25,2003,55.25
Pulsar Timing,1,0.09070629,1.26,1200.0,2011,269.78499999999997
Transit,1,1.420033,1.26,55.25,2010,55.25
Transit,1,1.3371182,1.26,55.25,2011,55.25
Imaging,1,39.9795,1.26,135.0,2013,135.0
Imaging,1,39.9795,1.26,120.0,2013,120.0
Imaging,1,39.9795,1.26,55.25,2010,55.25
Transit,1,4.2,1.26,8500.0,2006,269.78499999999997
Transit,1,1.796,1.26,8500.0,2006,269.78499999999997
Transit,1,3.030065,1.26,152.3,2004,152.3
Transit,1,1.30618581,1.26,228.0,2007,228.0
Transit,1,3.553945,1.26,492.0,2007,269.78499999999997
Transit,1,1.4822446,1.26,360.0,2011,269.78499999999997
Imaging,1,39.9795,1.26,55.25,2008,55.25
Pulsation Timing Variations,1,1170.0,1.26,55.25,2007,55.25
Transit,1,2.5199449,1.26,408.0,2007,269.78499999999997
Transit,1,2.152226,1.26,147.0,2007,147.0
Transit,1,1.846835,1.26,220.0,2007,220.0
Transit,1,1.33823187,1.26,300.0,2007,269.78499999999997
Transit,1,1.62843142,1.26,300.0,2008,269.78499999999997
Transit,1,3.361006,1.26,55.25,2009,55.25
Transit,1,4.954658,1.26,140.0,2008,140.0
Transit,1,8.158715,1.26,87.0,2010,87.0
Transit,1,3.0927616,1.26,90.0,2008,90.0
Transit,1,3.7224747,1.26,121.7,2008,121.7
Transit,1,1.091423,1.26,55.25,2008,55.25
Transit,1,4.353011,1.26,155.0,2009,155.0
Transit,1,2.243752,1.26,160.0,2008,160.0
Transit,1,3.7520656,1.26,55.25,2009,55.25
Transit,1,3.1186009,1.26,55.25,2009,55.25
Transit,1,3.7354417,1.26,400.0,2009,269.78499999999997
Transit,1,0.94145299,1.26,105.49,2009,105.49
Transit,1,0.78884,1.26,250.0,2009,250.0
Transit,1,4.322482,1.26,242.0,2010,242.0
Transit,1,3.5327313,1.26,300.0,2010,269.78499999999997
Transit,1,2.9444256,1.26,55.25,2010,55.25
Transit,1,2.34121242,1.26,55.25,2010,55.25
Transit,1,3.764825,1.26,55.25,2010,55.25
Transit,1,2.7566004,1.26,250.0,2010,250.0
Transit,1,3.408821,1.26,55.25,2010,55.25
Transit,1,3.922727,1.26,70.0,2010,70.0
Transit,1,3.4059096,1.26,360.0,2010,269.78499999999997
Transit,1,2.718659,1.26,55.25,2010,55.25
Transit,1,1.2198669,1.26,116.14,2010,116.14
Transit,1,4.3176782,1.26,120.0,2010,120.0
Transit,1,3.161575,1.26,55.25,2011,55.25
Transit,1,1.5373653,1.26,450.0,2011,269.78499999999997
Transit,1,3.577469,1.26,343.0,2010,269.78499999999997
Transit,1,6.871815,1.26,110.0,2010,110.0
Transit,1,4.055259,1.26,230.0,2011,230.0
Transit,1,3.052401,1.26,180.0,2010,180.0
Transit,1,4.9816872,1.26,160.0,2012,160.0
Transit,1,0.813475,1.26,80.0,2011,80.0
Transit,1,2.4238039,1.26,55.25,2011,55.25
Transit,1,3.1260876,1.26,55.25,2011,55.25
Transit,1,1.43037,1.26,55.25,2011,55.25
Transit,1,4.1591399,1.26,200.0,2012,200.0
Transit,1,2.143634,1.26,55.25,2011,55.25
Transit,1,2.7817387,1.26,170.0,2012,170.0
Transit,1,1.9550959,1.26,230.0,2011,230.0
Transit,1,1.7497798,1.26,140.0,2012,140.0
Transit,1,3.6936411,1.26,200.0,2012,200.0
Transit,1,4.465633,1.26,330.0,2012,269.78499999999997
Transit,1,4.617101,1.26,255.0,2012,255.0
Transit,1,2.838971,1.26,455.0,2012,269.78499999999997
Transit,1,5.01718,1.26,300.0,2012,269.78499999999997
Transit,1,7.919585,1.26,125.0,2012,125.0
Transit,1,4.3050011,1.26,400.0,2012,269.78499999999997
Transit,1,3.8559,1.26,480.0,2012,269.78499999999997
Transit,1,4.411953,1.26,160.0,2012,160.0
Transit,1,4.37809,1.26,330.0,2012,269.78499999999997
Transit,1,1.5732918,1.26,350.0,2012,269.78499999999997
Transit,1,2.3114243,1.26,310.0,2013,269.78499999999997
Transit,1,4.086052,1.26,380.0,2012,269.78499999999997
Transit,1,4.61442,1.26,225.0,2012,225.0
Transit,1,2.9036747,1.26,345.0,2012,269.78499999999997
Transit,1,2.2167421,1.26,340.0,2012,269.78499999999997
Transit,1,2.484193,1.26,260.0,2013,260.0
Transit,1,1.3600309,1.26,93.0,2012,93.0
Transit,1,2.17517632,1.26,550.0,2012,269.78499999999997
Transit,1,3.6623866,1.26,240.0,2012,240.0
Transit,1,3.0678504,1.26,60.0,2012,60.0
Transit,1,0.925542,1.26,470.0,2014,269.78499999999997
Imaging,1,39.9795,1.26,19.2,2011,19.2
Transit,1,3.352057,1.26,3200.0,2012,269.78499999999997
Imaging,1,39.9795,1.26,10.1,2012,10.1
Transit,1,3.94150685,1.26,172.0,2006,172.0
Transit,1,2.615864,1.26,148.0,2007,148.0
Transit,1,3.1915239,1.26,174.0,2007,174.0
Transit,1,4.1250828,1.26,293.0,2008,269.78499999999997
Transit,1,4.187757,1.26,260.0,2008,260.0
